order_id,supplier_name,part_number,part_description,order_date,promised_date,actual_delivery_date,quantity,unit_price,po_amount
PO-2021-011,Precision Thermal Co,CTRL-9998,Touch Screen Controller,2021-10-01,2021-11-12,2021-11-12,293,1235.99,362145.07
PO-2021-011,TitanForge LLC,HX-5530,Heat Exchanger - Heavy Duty,2021-10-03,2021-11-02,2021-11-01,237,1760.78,417304.86
PO-2021-011,APEX MFG,DAMPER-3305,"Pneumatic Damper 36""",2021-10-06,2021-11-03,2021-11-02,52,260.1,13525.2
PO-2021-011,AeroFlow Systems,BEARING-9910,Sealed Bearing Assembly,2021-10-09,2021-11-17,2021-11-17,262,85.91,22508.42
PO-2021-011,Apex Mfg,BEARING-9905,Heavy Duty Bearing Set,2021-10-12,2021-11-19,2021-11-18,288,80.5,23184.0
PO-2021-011,QuickFab Industries,BRKT-1005,Heavy Duty Mount - Aluminum,2021-10-15,2021-11-25,2021-12-10,468,19.79,9261.72
PO-2021-011,TitanForge LLC,CTRL-9985,PLC Control Module,2021-10-18,2021-11-19,2021-11-19,108,424.83,45881.64
PO-2021-011,APEX MFG,CTRL-9985,PLC Control Module,2021-10-21,2021-11-22,2021-11-21,157,421.14,66118.98
PO-2021-011,Apex Mfg,PANEL-8820,Stainless Control Panel,2021-10-24,2021-11-25,2021-11-24,242,276.01,66794.42
PO-2021-011,APEX MFG,HX-5520,Aluminum Heat Exchanger - 60x36,2021-10-27,2021-12-07,2021-12-07,263,1077.64,283419.32
PO-2021-011,APEX MFG,CTRL-9995,VFD Controller 10HP,2021-10-30,2021-12-11,2021-12-09,239,891.67,213109.13
PO-2021-021,Apex Mfg,HX-5512,Aluminum Heat Exchanger - 48x24,2021-11-02,2021-11-18,2021-11-16,18,868.53,15633.54
PO-2021-021,APEX Manufacturing Inc,SENSOR-4410,Humidity Sensor Module,2021-11-05,2021-11-29,2021-11-27,45,34.64,1558.8
PO-2021-021,TitanForge LLC,HX-5512,Aluminum Heat Exchanger - 48x24,2021-11-07,2021-12-17,2021-12-17,20,838.34,16766.8
PO-2021-021,APEX MFG,SENSOR-4420,Flow Sensor - Digital,2021-11-10,2021-12-21,2021-12-19,239,42.7,10205.3
PO-2021-021,Apex Manufacturing Inc,MOTOR-6634,3HP Fan Motor Assembly,2021-11-13,2021-12-14,2021-12-20,136,443.64,60335.04
PO-2021-021,Precision Thermal Co,FILTER-5510,HEPA Filter - Industrial,2021-11-16,2021-12-08,2021-12-08,243,64.51,15675.93
PO-2021-021,Stellar Metalworks,PANEL-8801,Control Panel Enclosure,2021-11-19,2021-12-19,2021-12-17,96,275.6,26457.6
PO-2021-021,Apex Mfg,FINS-7715,Copper Fins for Heat Exchanger,2021-11-22,2021-12-20,2021-12-20,1035,13.36,13827.6
PO-2021-021,APEX MFG,MOTOR-6634,3HP Fan Motor Assembly,2021-11-25,2021-12-17,2021-12-17,65,447.14,29064.1
PO-2021-021,APEX MFG,SENSOR-4420,Flow Sensor - Digital,2021-11-28,2022-01-10,2022-01-09,93,40.62,3777.66
PO-2021-032,AeroFlow Systems,SENSOR-4410,Humidity Sensor Module,2021-12-01,2022-01-09,2022-01-08,48,32.75,1572.0
PO-2021-032,Precision Thermal Co,CTRL-9995,VFD Controller 10HP,2021-12-04,2022-01-14,2022-01-12,48,877.55,42122.4
PO-2021-032,AeroFlow Systems,HX-5515,Copper Heat Exchanger Coil,2021-12-07,2022-01-10,2022-01-10,201,2207.23,443653.23
PO-2021-032,Stellar Metalworks,SENSOR-4405,Temperature Sensor Probe,2021-12-10,2022-01-08,2022-01-06,257,34.15,8776.55
PO-2021-032,Apex Mfg,FINS-7725,Heat Exchanger Fins,2021-12-13,2021-12-31,2021-12-30,738,9.56,7055.28
PO-2021-032,APEX Manufacturing Inc,FILTER-5510,HEPA Filter - Industrial,2021-12-15,2022-01-09,2022-01-09,59,65.5,3864.5
PO-2021-032,APEX MFG,SHAFT-2210,Stainless Drive Shaft,2021-12-18,2022-01-21,2022-01-26,132,47.27,6239.64
PO-2021-032,Apex Manufacturing Inc,HX-5520,Aluminum Heat Exchanger - 60x36,2021-12-21,2022-02-02,2022-02-01,287,1114.11,319749.57
PO-2021-032,QuickFab Industries,SENSOR-4405,Temperature Sensor Probe,2021-12-24,2022-01-14,2022-01-12,34,22.8,775.2
PO-2021-032,QuickFab Industries,FAN-2847,"24"" Axial Cooling Fan",2021-12-27,2022-01-11,2022-01-29,115,215.29,24758.35
PO-2021-032,Stellar Metalworks,BRKT-1001,Mounting Bracket - Steel,2021-12-30,2022-01-23,2022-01-30,317,11.44,3626.48
PO-2022-042,APEX Manufacturing Inc,CTRL-9995,VFD Controller 10HP,2022-01-02,2022-01-25,2022-01-24,97,854.82,82917.54
PO-2022-042,Apex Mfg,HX-5525,Copper Heat Exchanger - Custom,2022-01-05,2022-01-28,2022-01-27,52,1962.4,102044.8
PO-2022-042,APEX MFG,HX-5535,Copper Coil Heat Exchanger,2022-01-08,2022-02-02,2022-02-01,242,2515.46,608741.32
PO-2022-042,APEX Manufacturing Inc,LOUVER-6615,"Weather Louver 72""",2022-01-11,2022-01-26,2022-01-26,185,222.5,41162.5
PO-2022-042,AeroFlow Systems,SENSOR-4415,Pressure Transducer,2022-01-14,2022-02-27,2022-02-26,283,62.33,17639.39
PO-2022-042,Apex Manufacturing Inc,HX-5530,Heat Exchanger - Heavy Duty,2022-01-17,2022-02-06,2022-02-04,168,1830.8,307574.4
PO-2022-042,Stellar Metalworks,BRKT-1001,Mounting Bracket - Steel,2022-01-20,2022-02-10,2022-02-10,195,11.37,2217.15
PO-2022-042,QuickFab Industries,BRKT-1015,Heavy Mount - Galvanized,2022-01-22,2022-03-01,2022-03-01,360,18.35,6606.0
PO-2022-042,APEX Manufacturing Inc,HX-5540,Aluminum Heat Exchanger,2022-01-25,2022-02-21,2022-02-21,251,1401.61,351804.11
PO-2022-042,TitanForge LLC,BRKT-1020,Vibration Isolator Mount,2022-01-28,2022-03-13,2022-03-12,205,26.8,5494.0
PO-2022-042,APEX MFG,CTRL-9990,Master Control Board,2022-01-31,2022-02-27,2022-02-26,163,667.32,108773.16
PO-2022-053,APEX Manufacturing Inc,DAMPER-3310,"Electric Damper 48""",2022-02-03,2022-03-18,2022-03-16,284,276.37,78489.08
PO-2022-053,APEX Manufacturing Inc,HX-5540,Aluminum Heat Exchanger,2022-02-06,2022-03-19,2022-03-19,172,1409.75,242477.0
PO-2022-053,APEX MFG,LOUVER-6601,"Aluminum Louver Panel 48""",2022-02-09,2022-03-25,2022-03-23,276,85.58,23620.08
PO-2022-053,Precision Thermal Co,MOTOR-6634,3HP Fan Motor Assembly,2022-02-12,2022-03-01,2022-03-01,138,445.28,61448.64
PO-2022-053,APEX MFG,HX-5535,Copper Coil Heat Exchanger,2022-02-15,2022-03-08,2022-03-10,252,2517.62,634440.24
PO-2022-053,APEX Manufacturing Inc,MOTOR-6634,3HP Fan Motor Assembly,2022-02-18,2022-03-19,2022-03-19,70,455.67,31896.9
PO-2022-053,Apex Manufacturing Inc,MOTOR-6641,7.5HP Fan Motor,2022-02-21,2022-04-01,2022-03-31,55,837.81,46079.55
PO-2022-053,Precision Thermal Co,FILTER-5501,Air Filter - HEPA Grade,2022-02-24,2022-03-14,2022-03-12,208,66.43,13817.44
PO-2022-053,Apex Mfg,FINS-7712,Heat Exchanger Fins - Aluminum,2022-02-27,2022-03-21,2022-03-23,675,9.27,6257.25
PO-2022-063,TitanForge LLC,BRKT-1001,Mounting Bracket - Steel,2022-03-01,2022-04-06,2022-04-13,505,11.59,5852.95
PO-2022-063,APEX Manufacturing Inc,CTRL-9995,VFD Controller 10HP,2022-03-04,2022-04-15,2022-04-14,88,884.72,77855.36
PO-2022-063,Precision Thermal Co,BRKT-1015,Heavy Mount - Galvanized,2022-03-07,2022-03-23,2022-03-22,253,19.64,4968.92
PO-2022-063,AeroFlow Systems,HX-5520,Aluminum Heat Exchanger - 60x36,2022-03-10,2022-04-15,2022-04-15,30,1148.85,34465.5
PO-2022-063,TitanForge LLC,BEARING-9905,Heavy Duty Bearing Set,2022-03-13,2022-03-31,2022-03-30,175,65.08,11389.0
PO-2022-063,AeroFlow Systems,FINS-7725,Heat Exchanger Fins,2022-03-16,2022-03-31,2022-03-30,964,9.84,9485.76
PO-2022-063,APEX Manufacturing Inc,CTRL-9990,Master Control Board,2022-03-19,2022-04-25,2022-04-27,240,674.94,161985.6
PO-2022-063,Apex Mfg,HX-5512,Aluminum Heat Exchanger - 48x24,2022-03-22,2022-05-02,2022-05-02,262,879.55,230442.1
PO-2022-063,Precision Thermal Co,HX-5512,Aluminum Heat Exchanger - 48x24,2022-03-25,2022-04-18,2022-04-18,175,834.73,146077.75
PO-2022-063,APEX MFG,LOUVER-6615,"Weather Louver 72""",2022-03-28,2022-05-10,2022-05-10,209,222.62,46527.58
PO-2022-063,APEX MFG,PANEL-8810,Powder Coated Panel,2022-03-31,2022-04-28,2022-04-28,54,215.2,11620.8
PO-2022-073,APEX Manufacturing Inc,SHAFT-2201,Motor Drive Shaft - SS304,2022-04-03,2022-04-27,2022-04-25,537,40.67,21839.79
PO-2022-073,APEX Manufacturing Inc,SENSOR-4405,Temperature Sensor Probe,2022-04-06,2022-04-23,2022-04-26,146,25.71,3753.66
PO-2022-073,QuickFab Industries,SENSOR-4420,Flow Sensor - Digital,2022-04-08,2022-05-10,2022-06-13,24,39.72,953.28
PO-2022-073,Apex Manufacturing Inc,PANEL-8815,Aluminum Control Panel,2022-04-11,2022-05-14,2022-05-13,29,259.13,7514.77
PO-2022-073,Apex Mfg,FILTER-5505,Carbon Air Filter,2022-04-14,2022-05-04,2022-05-04,32,66.48,2127.36
PO-2022-073,Apex Manufacturing Inc,SHAFT-2210,Stainless Drive Shaft,2022-04-17,2022-05-25,2022-05-27,152,47.74,7256.48
PO-2022-073,Apex Manufacturing Inc,HX-5512,Aluminum Heat Exchanger - 48x24,2022-04-20,2022-05-17,2022-05-18,268,866.39,232192.52
PO-2022-073,TitanForge LLC,CTRL-9981,Digital Temperature Controller,2022-04-23,2022-05-14,2022-05-13,256,84.77,21701.12
PO-2022-073,AeroFlow Systems,FINS-7715,Copper Fins for Heat Exchanger,2022-04-26,2022-05-25,2022-05-24,1073,12.2,13090.6
PO-2022-073,APEX MFG,BRKT-1020,Vibration Isolator Mount,2022-04-29,2022-05-28,2022-05-28,174,28.31,4925.94
PO-2022-084,Apex Mfg,SENSOR-4420,Flow Sensor - Digital,2022-05-02,2022-05-21,2022-05-19,154,38.18,5879.72
PO-2022-084,QuickFab Industries,SHAFT-2201,Motor Drive Shaft - SS304,2022-05-05,2022-05-22,2022-06-23,523,38.2,19978.6
PO-2022-084,TitanForge LLC,FAN-2847,"24"" Axial Cooling Fan",2022-05-08,2022-05-26,2022-05-26,53,229.93,12186.29
PO-2022-084,Apex Mfg,FINS-7712,Heat Exchanger Fins - Aluminum,2022-05-11,2022-06-25,2022-06-24,516,8.56,4416.96
PO-2022-084,Stellar Metalworks,FINS-7712,Heat Exchanger Fins - Aluminum,2022-05-13,2022-06-15,2022-06-14,881,8.88,7823.28
PO-2022-084,TitanForge LLC,HX-5540,Aluminum Heat Exchanger,2022-05-16,2022-06-18,2022-06-17,260,1421.18,369506.8
PO-2022-084,AeroFlow Systems,BRKT-1020,Vibration Isolator Mount,2022-05-19,2022-06-16,2022-06-14,304,28.23,8581.92
PO-2022-084,AeroFlow Systems,HX-5512,Aluminum Heat Exchanger - 48x24,2022-05-22,2022-07-04,2022-07-02,61,810.1,49416.1
PO-2022-084,Apex Manufacturing Inc,SHAFT-2201,Motor Drive Shaft - SS304,2022-05-25,2022-06-25,2022-06-24,390,40.01,15603.9
PO-2022-084,QuickFab Industries,HX-5535,Copper Coil Heat Exchanger,2022-05-28,2022-06-13,2022-06-11,102,2536.2,258692.4
PO-2022-084,AeroFlow Systems,HX-5540,Aluminum Heat Exchanger,2022-05-31,2022-06-19,2022-06-19,21,1432.25,30077.25
PO-2022-094,Precision Thermal Co,HX-5515,Copper Heat Exchanger Coil,2022-06-03,2022-06-18,2022-06-17,280,2278.7,638036.0
PO-2022-094,Precision Thermal Co,PANEL-8815,Aluminum Control Panel,2022-06-06,2022-06-28,2022-06-27,38,256.05,9729.9
PO-2022-094,QuickFab Industries,FAN-2860,"36"" Axial Cooling Fan",2022-06-09,2022-07-14,2022-08-10,65,403.58,26232.7
PO-2022-094,Stellar Metalworks,FILTER-5505,Carbon Air Filter,2022-06-12,2022-07-01,2022-07-01,46,57.13,2627.98
PO-2022-094,Precision Thermal Co,SHAFT-2201,Motor Drive Shaft - SS304,2022-06-15,2022-07-28,2022-07-28,414,39.55,16373.7
PO-2022-094,Precision Thermal Co,SHAFT-2208,SS316 Drive Shaft,2022-06-18,2022-07-20,2022-07-19,547,50.96,27875.12
PO-2022-094,Apex Mfg,PANEL-8820,Stainless Control Panel,2022-06-20,2022-07-12,2022-07-12,228,282.04,64305.12
PO-2022-094,APEX Manufacturing Inc,MOTOR-6641,7.5HP Fan Motor,2022-06-23,2022-08-03,2022-08-03,104,786.31,81776.24
PO-2022-094,APEX Manufacturing Inc,FINS-7712,Heat Exchanger Fins - Aluminum,2022-06-26,2022-07-20,2022-07-18,737,9.93,7318.41
PO-2022-094,AeroFlow Systems,SENSOR-4420,Flow Sensor - Digital,2022-06-29,2022-08-03,2022-08-03,178,45.11,8029.58
PO-2022-105,Stellar Metalworks,FILTER-5501,Air Filter - HEPA Grade,2022-07-02,2022-08-12,2022-08-10,242,46.39,11226.38
PO-2022-105,TitanForge LLC,DAMPER-3310,"Electric Damper 48""",2022-07-05,2022-08-15,2022-08-13,238,284.17,67632.46
PO-2022-105,TitanForge LLC,FINS-7725,Heat Exchanger Fins,2022-07-08,2022-08-14,2022-08-12,1191,9.62,11457.42
PO-2022-105,QuickFab Industries,HX-5512,Aluminum Heat Exchanger - 48x24,2022-07-11,2022-08-17,2022-09-01,200,797.73,159546.0
PO-2022-105,QuickFab Industries,BRKT-1015,Heavy Mount - Galvanized,2022-07-14,2022-08-24,2022-08-22,239,22.55,5389.45
PO-2022-105,Stellar Metalworks,BRKT-1001,Mounting Bracket - Steel,2022-07-17,2022-08-28,2022-08-28,225,11.86,2668.5
PO-2022-105,Stellar Metalworks,DAMPER-3301,"Motorized Air Damper 24""",2022-07-20,2022-08-31,2022-08-29,78,182.28,14217.84
PO-2022-105,Apex Mfg,BRKT-1015,Heavy Mount - Galvanized,2022-07-23,2022-08-20,2022-08-19,227,21.46,4871.42
PO-2022-105,Apex Manufacturing Inc,BRKT-1020,Vibration Isolator Mount,2022-07-26,2022-08-20,2022-08-19,371,25.54,9475.34
PO-2022-105,APEX MFG,LOUVER-6605,"Louver with Screen 60""",2022-07-28,2022-08-19,2022-08-18,266,119.75,31853.5
PO-2022-105,Apex Manufacturing Inc,PANEL-8815,Aluminum Control Panel,2022-07-31,2022-09-04,2022-09-05,128,255.45,32697.6
PO-2022-115,APEX Manufacturing Inc,HX-5515,Copper Heat Exchanger Coil,2022-08-03,2022-08-26,2022-08-25,135,1989.74,268614.9
PO-2022-115,QuickFab Industries,SHAFT-2205,Drive Shaft - Hardened Steel,2022-08-06,2022-08-28,2022-09-30,436,39.95,17418.2
PO-2022-115,APEX MFG,FAN-2850,"30"" Axial Cooling Fan",2022-08-09,2022-08-28,2022-08-26,94,307.29,28885.26
PO-2022-115,Precision Thermal Co,FINS-7712,Heat Exchanger Fins - Aluminum,2022-08-12,2022-09-08,2022-09-06,1195,8.79,10504.05
PO-2022-115,TitanForge LLC,FINS-7720,Aluminum Fins - Thin Wall,2022-08-15,2022-09-17,2022-09-17,1195,9.16,10946.2
PO-2022-115,QuickFab Industries,FINS-7715,Copper Fins for Heat Exchanger,2022-08-18,2022-09-06,2022-09-30,1131,14.47,16365.57
PO-2022-115,TitanForge LLC,HX-5530,Heat Exchanger - Heavy Duty,2022-08-21,2022-09-17,2022-09-15,266,1833.29,487655.14
PO-2022-115,Stellar Metalworks,BRKT-1020,Vibration Isolator Mount,2022-08-24,2022-09-28,2022-09-28,537,27.14,14574.18
PO-2022-115,APEX MFG,DAMPER-3310,"Electric Damper 48""",2022-08-27,2022-09-17,2022-09-16,185,284.27,52589.95
PO-2022-115,APEX MFG,MOTOR-6645,10HP Fan Motor,2022-08-30,2022-09-14,2022-09-14,108,1121.71,121144.68
PO-2022-126,Apex Manufacturing Inc,SENSOR-4405,Temperature Sensor Probe,2022-09-02,2022-10-04,2022-10-03,297,31.89,9471.33
PO-2022-126,AeroFlow Systems,HX-5525,Copper Heat Exchanger - Custom,2022-09-04,2022-09-22,2022-09-23,245,2074.77,508318.65
PO-2022-126,APEX MFG,CTRL-9995,VFD Controller 10HP,2022-09-07,2022-09-25,2022-09-25,177,869.57,153913.89
PO-2022-126,Apex Manufacturing Inc,HX-5530,Heat Exchanger - Heavy Duty,2022-09-10,2022-10-02,2022-09-30,207,1858.39,384686.73
PO-2022-126,TitanForge LLC,FINS-7725,Heat Exchanger Fins,2022-09-13,2022-10-15,2022-10-15,1041,9.44,9827.04
PO-2022-126,APEX Manufacturing Inc,SHAFT-2208,SS316 Drive Shaft,2022-09-16,2022-10-22,2022-10-22,592,49.52,29315.84
PO-2022-126,Apex Mfg,HX-5515,Copper Heat Exchanger Coil,2022-09-19,2022-10-29,2022-10-27,146,1635.52,238785.92
PO-2022-126,Apex Mfg,PANEL-8810,Powder Coated Panel,2022-09-22,2022-11-02,2022-11-07,56,225.27,12615.12
PO-2022-126,QuickFab Industries,FINS-7712,Heat Exchanger Fins - Aluminum,2022-09-25,2022-11-01,2022-10-30,758,9.75,7390.5
PO-2022-126,TitanForge LLC,PANEL-8805,Electrical Panel - Stainless,2022-09-28,2022-10-17,2022-10-16,37,264.21,9775.77
PO-2022-136,APEX Manufacturing Inc,SENSOR-4410,Humidity Sensor Module,2022-10-01,2022-10-21,2022-10-20,98,33.07,3240.86
PO-2022-136,Precision Thermal Co,FAN-2847,"24"" Axial Cooling Fan",2022-10-04,2022-11-07,2022-11-05,98,241.03,23620.94
PO-2022-136,AeroFlow Systems,DAMPER-3310,"Electric Damper 48""",2022-10-07,2022-11-03,2022-11-02,79,282.81,22341.99
PO-2022-136,AeroFlow Systems,HX-5515,Copper Heat Exchanger Coil,2022-10-10,2022-11-24,2022-11-23,47,2329.1,109467.7
PO-2022-136,Stellar Metalworks,BRKT-1010,Adjustable Mount Bracket,2022-10-12,2022-11-07,2022-11-05,277,16.79,4650.83
PO-2022-136,APEX MFG,SENSOR-4415,Pressure Transducer,2022-10-15,2022-11-04,2022-11-04,188,64.18,12065.84
PO-2022-136,APEX MFG,BRKT-1020,Vibration Isolator Mount,2022-10-18,2022-11-11,2022-11-10,254,26.27,6672.58
PO-2022-136,Apex Mfg,BEARING-9905,Heavy Duty Bearing Set,2022-10-21,2022-11-16,2022-11-16,211,71.43,15071.73
PO-2022-136,APEX MFG,FAN-2847,"24"" Axial Cooling Fan",2022-10-24,2022-11-24,2022-11-22,42,233.64,9812.88
PO-2022-136,Apex Mfg,CTRL-9995,VFD Controller 10HP,2022-10-27,2022-12-09,2022-12-07,248,861.33,213609.84
PO-2022-136,Stellar Metalworks,HX-5525,Copper Heat Exchanger - Custom,2022-10-30,2022-12-01,2022-12-04,200,2004.93,400986.0
PO-2022-146,Stellar Metalworks,SHAFT-2210,Stainless Drive Shaft,2022-11-02,2022-11-30,2022-11-29,594,51.96,30864.24
PO-2022-146,Precision Thermal Co,PANEL-8810,Powder Coated Panel,2022-11-05,2022-11-26,2022-11-26,164,234.39,38439.96
PO-2022-146,Precision Thermal Co,PANEL-8801,Control Panel Enclosure,2022-11-08,2022-12-15,2022-12-13,162,263.5,42687.0
PO-2022-146,Precision Thermal Co,PANEL-8801,Control Panel Enclosure,2022-11-11,2022-11-27,2022-12-01,56,277.09,15517.04
PO-2022-146,TitanForge LLC,PANEL-8801,Control Panel Enclosure,2022-11-14,2022-12-01,2022-12-01,169,274.88,46454.72
PO-2022-146,AeroFlow Systems,FINS-7725,Heat Exchanger Fins,2022-11-17,2022-12-29,2022-12-29,830,9.92,8233.6
PO-2022-146,APEX MFG,BEARING-9905,Heavy Duty Bearing Set,2022-11-19,2022-12-27,2022-12-27,81,66.18,5360.58
PO-2022-146,APEX MFG,MOTOR-6634,3HP Fan Motor Assembly,2022-11-22,2022-12-31,2022-12-31,121,464.6,56216.6
PO-2022-146,APEX MFG,FINS-7725,Heat Exchanger Fins,2022-11-25,2023-01-02,2023-01-01,1064,9.8,10427.2
PO-2022-146,APEX Manufacturing Inc,CTRL-9990,Master Control Board,2022-11-28,2022-12-29,2022-12-28,191,627.63,119877.33
PO-2022-157,Apex Mfg,MOTOR-6638,5HP Fan Motor Assembly,2022-12-01,2023-01-12,2023-01-11,86,578.55,49755.3
PO-2022-157,Apex Mfg,FAN-2860,"36"" Axial Cooling Fan",2022-12-04,2023-01-14,2023-01-13,103,397.25,40916.75
PO-2022-157,Apex Mfg,MOTOR-6645,10HP Fan Motor,2022-12-07,2023-01-06,2023-01-09,108,1120.42,121005.36
PO-2022-157,Apex Mfg,BRKT-1020,Vibration Isolator Mount,2022-12-10,2023-01-14,2023-01-14,519,25.59,13281.21
PO-2022-157,Apex Manufacturing Inc,CTRL-9998,Touch Screen Controller,2022-12-13,2023-01-18,2023-01-16,45,1231.32,55409.4
PO-2022-157,TitanForge LLC,DAMPER-3310,"Electric Damper 48""",2022-12-16,2023-01-03,2023-01-01,271,282.79,76636.09
PO-2022-157,TitanForge LLC,BEARING-9915,Pillow Block Bearing,2022-12-19,2023-01-17,2023-01-15,65,97.5,6337.5
PO-2022-157,Stellar Metalworks,HX-5515,Copper Heat Exchanger Coil,2022-12-22,2023-01-19,2023-01-19,249,1973.8,491476.2
PO-2022-157,Precision Thermal Co,FAN-2855,"28"" Axial Fan - High CFM",2022-12-24,2023-01-15,2023-01-13,120,365.15,43818.0
PO-2022-157,QuickFab Industries,CTRL-9995,VFD Controller 10HP,2022-12-27,2023-01-16,2023-01-31,205,861.84,176677.2
PO-2022-157,Apex Mfg,CTRL-9990,Master Control Board,2022-12-30,2023-01-24,2023-01-24,256,669.79,171466.24
PO-2023-167,QuickFab Industries,PANEL-8815,Aluminum Control Panel,2023-01-02,2023-01-24,2023-02-17,86,263.43,22654.98
PO-2023-167,APEX MFG,FILTER-5510,HEPA Filter - Industrial,2023-01-05,2023-02-05,2023-02-05,209,66.37,13871.33
PO-2023-167,APEX MFG,FINS-7712,Heat Exchanger Fins - Aluminum,2023-01-08,2023-02-20,2023-02-20,608,8.25,5016.0
PO-2023-167,APEX Manufacturing Inc,CTRL-9985,PLC Control Module,2023-01-11,2023-02-17,2023-02-20,291,427.64,124443.24
PO-2023-167,TitanForge LLC,SHAFT-2205,Drive Shaft - Hardened Steel,2023-01-14,2023-02-11,2023-02-11,432,41.01,17716.32
PO-2023-167,TitanForge LLC,PANEL-8801,Control Panel Enclosure,2023-01-17,2023-02-02,2023-02-01,67,261.61,17527.87
PO-2023-167,Stellar Metalworks,PANEL-8801,Control Panel Enclosure,2023-01-20,2023-02-27,2023-02-27,124,227.29,28183.96
PO-2023-167,APEX MFG,HX-5535,Copper Coil Heat Exchanger,2023-01-23,2023-02-24,2023-02-23,266,2483.32,660563.12
PO-2023-167,QuickFab Industries,FINS-7712,Heat Exchanger Fins - Aluminum,2023-01-26,2023-03-06,2023-04-01,1034,9.05,9357.7
PO-2023-167,Stellar Metalworks,HX-5530,Heat Exchanger - Heavy Duty,2023-01-29,2023-02-17,2023-02-17,160,1800.78,288124.8
PO-2023-167,Precision Thermal Co,SHAFT-2201,Motor Drive Shaft - SS304,2023-01-31,2023-03-07,2023-03-05,518,39.69,20559.42
PO-2023-178,Precision Thermal Co,PANEL-8810,Powder Coated Panel,2023-02-03,2023-02-22,2023-02-21,69,237.01,16353.69
PO-2023-178,Apex Mfg,PANEL-8810,Powder Coated Panel,2023-02-06,2023-02-21,2023-02-19,58,215.0,12470.0
PO-2023-178,Apex Manufacturing Inc,PANEL-8815,Aluminum Control Panel,2023-02-09,2023-03-22,2023-03-21,127,257.33,32680.91
PO-2023-178,Apex Manufacturing Inc,MOTOR-6641,7.5HP Fan Motor,2023-02-12,2023-03-12,2023-03-12,117,847.74,99185.58
PO-2023-178,APEX Manufacturing Inc,HX-5512,Aluminum Heat Exchanger - 48x24,2023-02-15,2023-03-28,2023-03-26,216,841.86,181841.76
PO-2023-178,AeroFlow Systems,FAN-2847,"24"" Axial Cooling Fan",2023-02-18,2023-03-27,2023-03-27,81,229.13,18559.53
PO-2023-178,APEX MFG,CTRL-9985,PLC Control Module,2023-02-21,2023-04-06,2023-04-06,289,437.89,126550.21
PO-2023-178,APEX MFG,BRKT-1010,Adjustable Mount Bracket,2023-02-24,2023-03-22,2023-03-21,400,16.87,6748.0
PO-2023-178,Stellar Metalworks,CTRL-9998,Touch Screen Controller,2023-02-27,2023-04-06,2023-04-06,243,1236.37,300437.91
PO-2023-188,Precision Thermal Co,FINS-7720,Aluminum Fins - Thin Wall,2023-03-02,2023-03-26,2023-03-26,728,9.28,6755.84
PO-2023-188,AeroFlow Systems,FINS-7720,Aluminum Fins - Thin Wall,2023-03-05,2023-03-21,2023-03-28,854,9.5,8113.0
PO-2023-188,Apex Manufacturing Inc,HX-5520,Aluminum Heat Exchanger - 60x36,2023-03-08,2023-04-18,2023-04-16,281,1105.14,310544.34
PO-2023-188,TitanForge LLC,DAMPER-3301,"Motorized Air Damper 24""",2023-03-10,2023-03-31,2023-03-30,235,174.16,40927.6
PO-2023-188,TitanForge LLC,HX-5525,Copper Heat Exchanger - Custom,2023-03-13,2023-04-18,2023-04-18,125,2059.5,257437.5
PO-2023-188,Apex Manufacturing Inc,HX-5530,Heat Exchanger - Heavy Duty,2023-03-16,2023-04-29,2023-04-27,292,1806.3,527439.6
PO-2023-188,Precision Thermal Co,BEARING-9915,Pillow Block Bearing,2023-03-19,2023-04-26,2023-04-24,19,99.89,1897.91
PO-2023-188,Apex Manufacturing Inc,FAN-2850,"30"" Axial Cooling Fan",2023-03-22,2023-04-09,2023-04-08,135,307.4,41499.0
PO-2023-188,Precision Thermal Co,BRKT-1001,Mounting Bracket - Steel,2023-03-25,2023-04-20,2023-04-18,313,12.21,3821.73
PO-2023-188,AeroFlow Systems,BEARING-9910,Sealed Bearing Assembly,2023-03-28,2023-04-27,2023-04-26,200,78.52,15704.0
PO-2023-188,QuickFab Industries,LOUVER-6615,"Weather Louver 72""",2023-03-31,2023-05-03,2023-05-02,55,228.47,12565.85
PO-2023-198,APEX MFG,HX-5520,Aluminum Heat Exchanger - 60x36,2023-04-03,2023-04-28,2023-04-26,300,1060.28,318084.0
PO-2023-198,Apex Mfg,HX-5512,Aluminum Heat Exchanger - 48x24,2023-04-06,2023-04-23,2023-04-23,260,827.27,215090.2
PO-2023-198,APEX MFG,BRKT-1015,Heavy Mount - Galvanized,2023-04-09,2023-05-23,2023-05-23,145,23.33,3382.85
PO-2023-198,Apex Mfg,FINS-7712,Heat Exchanger Fins - Aluminum,2023-04-12,2023-05-20,2023-05-19,855,8.37,7156.35
PO-2023-198,Apex Manufacturing Inc,FILTER-5505,Carbon Air Filter,2023-04-15,2023-05-05,2023-05-05,263,65.5,17226.5
PO-2023-198,QuickFab Industries,FINS-7720,Aluminum Fins - Thin Wall,2023-04-17,2023-05-26,2023-05-25,833,9.43,7855.19
PO-2023-198,TitanForge LLC,CTRL-9981,Digital Temperature Controller,2023-04-20,2023-05-13,2023-05-11,276,84.76,23393.76
PO-2023-198,APEX Manufacturing Inc,SENSOR-4405,Temperature Sensor Probe,2023-04-23,2023-06-04,2023-06-04,52,32.2,1674.4
PO-2023-198,QuickFab Industries,FAN-2850,"30"" Axial Cooling Fan",2023-04-26,2023-06-07,2023-06-30,101,288.34,29122.34
PO-2023-198,APEX MFG,MOTOR-6634,3HP Fan Motor Assembly,2023-04-29,2023-05-30,2023-05-28,77,441.63,34005.51
PO-2023-209,Stellar Metalworks,HX-5512,Aluminum Heat Exchanger - 48x24,2023-05-02,2023-06-06,2023-06-04,56,843.23,47220.88
PO-2023-209,Apex Mfg,PANEL-8810,Powder Coated Panel,2023-05-05,2023-05-31,2023-05-29,82,244.3,20032.6
PO-2023-209,Apex Mfg,MOTOR-6645,10HP Fan Motor,2023-05-08,2023-06-20,2023-06-18,82,1108.57,90902.74
PO-2023-209,APEX MFG,SENSOR-4415,Pressure Transducer,2023-05-11,2023-05-31,2023-05-29,223,63.09,14069.07
PO-2023-209,Apex Manufacturing Inc,CTRL-9985,PLC Control Module,2023-05-14,2023-05-30,2023-06-01,256,430.29,110154.24
PO-2023-209,QuickFab Industries,PANEL-8820,Stainless Control Panel,2023-05-17,2023-06-10,2023-06-08,47,285.07,13398.29
PO-2023-209,Precision Thermal Co,DAMPER-3301,"Motorized Air Damper 24""",2023-05-20,2023-06-25,2023-06-25,280,203.32,56929.6
PO-2023-209,APEX MFG,FILTER-5501,Air Filter - HEPA Grade,2023-05-23,2023-07-01,2023-07-01,228,63.57,14493.96
PO-2023-209,Stellar Metalworks,BRKT-1020,Vibration Isolator Mount,2023-05-25,2023-06-30,2023-06-30,337,25.14,8472.18
PO-2023-209,QuickFab Industries,FINS-7720,Aluminum Fins - Thin Wall,2023-05-28,2023-06-29,2023-06-30,780,9.31,7261.8
PO-2023-209,Stellar Metalworks,BRKT-1015,Heavy Mount - Galvanized,2023-05-31,2023-07-06,2023-07-04,517,18.34,9481.78
PO-2023-219,APEX MFG,BEARING-9915,Pillow Block Bearing,2023-06-03,2023-06-25,2023-06-23,226,92.33,20866.58
PO-2023-219,TitanForge LLC,BRKT-1001,Mounting Bracket - Steel,2023-06-06,2023-07-07,2023-07-10,337,12.96,4367.52
PO-2023-219,Apex Mfg,SENSOR-4410,Humidity Sensor Module,2023-06-09,2023-07-05,2023-07-05,123,34.25,4212.75
PO-2023-219,APEX Manufacturing Inc,FINS-7725,Heat Exchanger Fins,2023-06-12,2023-07-06,2023-07-13,994,9.56,9502.64
PO-2023-219,APEX MFG,CTRL-9985,PLC Control Module,2023-06-15,2023-07-01,2023-06-29,175,429.57,75174.75
PO-2023-219,AeroFlow Systems,CTRL-9995,VFD Controller 10HP,2023-06-18,2023-07-10,2023-07-12,143,862.38,123320.34
PO-2023-219,APEX MFG,HX-5530,Heat Exchanger - Heavy Duty,2023-06-21,2023-07-22,2023-07-26,103,1748.34,180079.02
PO-2023-219,QuickFab Industries,DAMPER-3305,"Pneumatic Damper 36""",2023-06-24,2023-07-10,2023-08-01,196,257.63,50495.48
PO-2023-219,TitanForge LLC,FILTER-5501,Air Filter - HEPA Grade,2023-06-27,2023-08-09,2023-08-09,74,66.66,4932.84
PO-2023-219,APEX MFG,FILTER-5505,Carbon Air Filter,2023-06-29,2023-08-13,2023-08-13,84,64.23,5395.32
PO-2023-230,QuickFab Industries,HX-5512,Aluminum Heat Exchanger - 48x24,2023-07-02,2023-08-07,2023-08-07,179,828.68,148333.72
PO-2023-230,Apex Manufacturing Inc,FILTER-5505,Carbon Air Filter,2023-07-05,2023-08-04,2023-08-04,80,65.02,5201.6
PO-2023-230,APEX MFG,FILTER-5501,Air Filter - HEPA Grade,2023-07-08,2023-08-06,2023-08-05,298,63.05,18788.9
PO-2023-230,Apex Mfg,SHAFT-2201,Motor Drive Shaft - SS304,2023-07-11,2023-08-20,2023-08-20,229,40.25,9217.25
PO-2023-230,TitanForge LLC,MOTOR-6641,7.5HP Fan Motor,2023-07-14,2023-08-05,2023-08-04,92,834.08,76735.36
PO-2023-230,Apex Mfg,PANEL-8815,Aluminum Control Panel,2023-07-17,2023-08-19,2023-08-17,203,265.67,53931.01
PO-2023-230,TitanForge LLC,PANEL-8801,Control Panel Enclosure,2023-07-20,2023-09-02,2023-08-31,227,237.88,53998.76
PO-2023-230,Apex Mfg,SENSOR-4405,Temperature Sensor Probe,2023-07-23,2023-08-12,2023-08-18,300,28.56,8568.0
PO-2023-230,Precision Thermal Co,PANEL-8801,Control Panel Enclosure,2023-07-26,2023-08-24,2023-08-23,37,248.62,9198.94
PO-2023-230,APEX Manufacturing Inc,MOTOR-6638,5HP Fan Motor Assembly,2023-07-29,2023-08-22,2023-08-21,87,612.03,53246.61
PO-2023-240,Precision Thermal Co,FILTER-5501,Air Filter - HEPA Grade,2023-08-01,2023-09-09,2023-09-08,139,48.58,6752.62
PO-2023-240,Apex Manufacturing Inc,FINS-7720,Aluminum Fins - Thin Wall,2023-08-04,2023-09-17,2023-09-15,726,9.92,7201.92
PO-2023-240,Apex Mfg,PANEL-8801,Control Panel Enclosure,2023-08-06,2023-08-24,2023-08-24,106,227.54,24119.24
PO-2023-240,Precision Thermal Co,HX-5535,Copper Coil Heat Exchanger,2023-08-09,2023-09-15,2023-09-14,288,2534.72,729999.36
PO-2023-240,AeroFlow Systems,BRKT-1015,Heavy Mount - Galvanized,2023-08-12,2023-08-30,2023-08-30,331,18.09,5987.79
PO-2023-240,TitanForge LLC,HX-5535,Copper Coil Heat Exchanger,2023-08-15,2023-09-06,2023-09-04,20,2540.19,50803.8
PO-2023-240,Apex Manufacturing Inc,CTRL-9995,VFD Controller 10HP,2023-08-18,2023-09-16,2023-09-14,57,873.7,49800.9
PO-2023-240,TitanForge LLC,FAN-2847,"24"" Axial Cooling Fan",2023-08-21,2023-09-25,2023-09-24,94,218.65,20553.1
PO-2023-240,APEX MFG,BRKT-1005,Heavy Duty Mount - Aluminum,2023-08-24,2023-09-29,2023-09-27,385,16.82,6475.7
PO-2023-240,Apex Mfg,FAN-2855,"28"" Axial Fan - High CFM",2023-08-27,2023-09-17,2023-09-16,66,362.74,23940.84
PO-2023-240,Stellar Metalworks,MOTOR-6645,10HP Fan Motor,2023-08-30,2023-09-26,2023-09-25,131,1101.53,144300.43
PO-2023-251,TitanForge LLC,BEARING-9905,Heavy Duty Bearing Set,2023-09-02,2023-10-05,2023-10-03,176,63.24,11130.24
PO-2023-251,Precision Thermal Co,PANEL-8801,Control Panel Enclosure,2023-09-05,2023-10-18,2023-10-17,114,224.66,25611.24
PO-2023-251,Apex Manufacturing Inc,SHAFT-2208,SS316 Drive Shaft,2023-09-08,2023-10-23,2023-10-29,498,56.62,28196.76
PO-2023-251,QuickFab Industries,HX-5515,Copper Heat Exchanger Coil,2023-09-11,2023-10-04,2023-10-24,168,1415.69,237835.92
PO-2023-251,TitanForge LLC,SHAFT-2210,Stainless Drive Shaft,2023-09-13,2023-10-06,2023-10-04,343,46.67,16007.81
PO-2023-251,AeroFlow Systems,MOTOR-6641,7.5HP Fan Motor,2023-09-16,2023-10-27,2023-10-26,49,815.86,39977.14
PO-2023-251,TitanForge LLC,FINS-7715,Copper Fins for Heat Exchanger,2023-09-19,2023-10-08,2023-10-07,825,12.25,10106.25
PO-2023-251,Apex Mfg,HX-5525,Copper Heat Exchanger - Custom,2023-09-22,2023-10-14,2023-10-13,173,2062.46,356805.58
PO-2023-251,Stellar Metalworks,BRKT-1001,Mounting Bracket - Steel,2023-09-25,2023-10-13,2023-10-16,587,11.5,6750.5
PO-2023-251,APEX MFG,FINS-7725,Heat Exchanger Fins,2023-09-28,2023-11-02,2023-11-05,648,9.61,6227.28
PO-2023-261,AeroFlow Systems,LOUVER-6605,"Louver with Screen 60""",2023-10-01,2023-10-24,2023-10-22,170,123.62,21015.4
PO-2023-261,AeroFlow Systems,HX-5535,Copper Coil Heat Exchanger,2023-10-04,2023-10-19,2023-10-18,256,2564.66,656552.96
PO-2023-261,Precision Thermal Co,BEARING-9910,Sealed Bearing Assembly,2023-10-07,2023-11-01,2023-11-01,73,86.23,6294.79
PO-2023-261,AeroFlow Systems,PANEL-8805,Electrical Panel - Stainless,2023-10-10,2023-11-05,2023-11-03,83,272.57,22623.31
PO-2023-261,Precision Thermal Co,SENSOR-4405,Temperature Sensor Probe,2023-10-13,2023-11-03,2023-11-02,178,29.27,5210.06
PO-2023-261,Stellar Metalworks,CTRL-9995,VFD Controller 10HP,2023-10-16,2023-11-27,2023-11-26,83,875.25,72645.75
PO-2023-261,APEX MFG,MOTOR-6645,10HP Fan Motor,2023-10-19,2023-11-26,2023-11-25,48,1087.16,52183.68
PO-2023-261,AeroFlow Systems,LOUVER-6615,"Weather Louver 72""",2023-10-21,2023-11-10,2023-11-08,197,229.59,45229.23
PO-2023-261,QuickFab Industries,SHAFT-2201,Motor Drive Shaft - SS304,2023-10-24,2023-11-18,2023-12-11,89,36.76,3271.64
PO-2023-261,APEX MFG,SHAFT-2205,Drive Shaft - Hardened Steel,2023-10-27,2023-11-25,2023-11-24,94,38.96,3662.24
PO-2023-261,APEX MFG,FILTER-5501,Air Filter - HEPA Grade,2023-10-30,2023-11-18,2023-11-24,30,45.49,1364.7
PO-2023-271,AeroFlow Systems,CTRL-9981,Digital Temperature Controller,2023-11-02,2023-11-30,2023-11-29,135,80.56,10875.6
PO-2023-271,APEX Manufacturing Inc,HX-5530,Heat Exchanger - Heavy Duty,2023-11-05,2023-12-13,2023-12-11,60,1749.42,104965.2
PO-2023-271,AeroFlow Systems,PANEL-8801,Control Panel Enclosure,2023-11-08,2023-11-28,2023-11-27,223,240.22,53569.06
PO-2023-271,Precision Thermal Co,FINS-7725,Heat Exchanger Fins,2023-11-11,2023-11-27,2023-11-25,945,9.84,9298.8
PO-2023-271,Precision Thermal Co,DAMPER-3305,"Pneumatic Damper 36""",2023-11-14,2023-12-27,2023-12-28,293,232.98,68263.14
PO-2023-271,Apex Mfg,FAN-2855,"28"" Axial Fan - High CFM",2023-11-17,2023-12-26,2023-12-24,103,352.65,36322.95
PO-2023-271,TitanForge LLC,CTRL-9990,Master Control Board,2023-11-20,2023-12-24,2023-12-22,252,628.41,158359.32
PO-2023-271,TitanForge LLC,SHAFT-2208,SS316 Drive Shaft,2023-11-23,2023-12-10,2023-12-10,483,49.67,23990.61
PO-2023-271,Apex Manufacturing Inc,PANEL-8805,Electrical Panel - Stainless,2023-11-26,2023-12-30,2023-12-28,289,266.09,76900.01
PO-2023-271,Apex Manufacturing Inc,LOUVER-6605,"Louver with Screen 60""",2023-11-28,2023-12-15,2023-12-14,98,125.0,12250.0
PO-2023-282,APEX Manufacturing Inc,DAMPER-3301,"Motorized Air Damper 24""",2023-12-01,2024-01-10,2024-01-10,249,195.88,48774.12
PO-2023-282,APEX Manufacturing Inc,CTRL-9998,Touch Screen Controller,2023-12-04,2024-01-14,2024-01-13,210,1186.37,249137.7
PO-2023-282,QuickFab Industries,CTRL-9990,Master Control Board,2023-12-07,2024-01-18,2024-02-07,35,676.49,23677.15
PO-2023-282,Stellar Metalworks,PANEL-8810,Powder Coated Panel,2023-12-10,2023-12-31,2023-12-30,47,238.0,11186.0
PO-2023-282,Apex Mfg,BEARING-9905,Heavy Duty Bearing Set,2023-12-13,2024-01-04,2024-01-04,224,82.06,18381.44
PO-2023-282,Apex Mfg,PANEL-8805,Electrical Panel - Stainless,2023-12-16,2024-01-24,2024-01-25,65,265.87,17281.55
PO-2023-282,Stellar Metalworks,MOTOR-6638,5HP Fan Motor Assembly,2023-12-19,2024-01-17,2024-01-15,58,580.6,33674.8
PO-2023-282,Stellar Metalworks,FAN-2860,"36"" Axial Cooling Fan",2023-12-22,2024-01-15,2024-01-13,105,432.3,45391.5
PO-2023-282,Stellar Metalworks,PANEL-8820,Stainless Control Panel,2023-12-25,2024-01-18,2024-01-18,110,278.68,30654.8
PO-2023-282,Apex Manufacturing Inc,CTRL-9981,Digital Temperature Controller,2023-12-28,2024-01-19,2024-01-25,145,80.88,11727.6
PO-2023-282,TitanForge LLC,FAN-2860,"36"" Axial Cooling Fan",2023-12-31,2024-01-25,2024-01-24,109,429.22,46784.98
PO-2024-292,Apex Mfg,DAMPER-3305,"Pneumatic Damper 36""",2024-01-03,2024-02-12,2024-02-12,150,261.9,39285.0
PO-2024-292,TitanForge LLC,LOUVER-6615,"Weather Louver 72""",2024-01-05,2024-01-27,2024-01-25,281,225.58,63387.98
PO-2024-292,APEX MFG,SHAFT-2208,SS316 Drive Shaft,2024-01-08,2024-02-06,2024-02-05,487,51.04,24856.48
PO-2024-292,TitanForge LLC,MOTOR-6634,3HP Fan Motor Assembly,2024-01-11,2024-02-15,2024-02-15,104,450.38,46839.52
PO-2024-292,APEX Manufacturing Inc,BRKT-1015,Heavy Mount - Galvanized,2024-01-14,2024-02-14,2024-02-17,140,19.52,2732.8
PO-2024-292,AeroFlow Systems,SENSOR-4420,Flow Sensor - Digital,2024-01-17,2024-02-29,2024-03-04,241,40.89,9854.49
PO-2024-292,Stellar Metalworks,DAMPER-3301,"Motorized Air Damper 24""",2024-01-20,2024-02-05,2024-02-05,294,172.83,50812.02
PO-2024-292,Precision Thermal Co,HX-5512,Aluminum Heat Exchanger - 48x24,2024-01-23,2024-02-21,2024-02-19,163,848.92,138373.96
PO-2024-292,APEX Manufacturing Inc,SHAFT-2210,Stainless Drive Shaft,2024-01-26,2024-02-25,2024-02-25,134,50.53,6771.02
PO-2024-292,QuickFab Industries,CTRL-9981,Digital Temperature Controller,2024-01-29,2024-02-26,2024-02-25,239,86.91,20771.49
PO-2024-303,Stellar Metalworks,FINS-7712,Heat Exchanger Fins - Aluminum,2024-02-01,2024-02-19,2024-02-19,808,9.68,7821.44
PO-2024-303,Apex Manufacturing Inc,LOUVER-6605,"Louver with Screen 60""",2024-02-04,2024-02-25,2024-02-23,173,118.74,20542.02
PO-2024-303,QuickFab Industries,DAMPER-3301,"Motorized Air Damper 24""",2024-02-07,2024-03-04,2024-03-22,55,172.06,9463.3
PO-2024-303,APEX Manufacturing Inc,BRKT-1010,Adjustable Mount Bracket,2024-02-09,2024-02-25,2024-02-24,311,16.0,4976.0
PO-2024-303,TitanForge LLC,SENSOR-4415,Pressure Transducer,2024-02-12,2024-03-08,2024-03-08,142,68.8,9769.6
PO-2024-303,TitanForge LLC,FAN-2855,"28"" Axial Fan - High CFM",2024-02-15,2024-03-14,2024-03-14,91,337.37,30700.67
PO-2024-303,APEX Manufacturing Inc,HX-5525,Copper Heat Exchanger - Custom,2024-02-18,2024-03-10,2024-03-10,171,1982.85,339067.35
PO-2024-303,Apex Mfg,CTRL-9990,Master Control Board,2024-02-21,2024-03-12,2024-03-11,41,629.65,25815.65
PO-2024-303,Precision Thermal Co,CTRL-9990,Master Control Board,2024-02-24,2024-04-05,2024-04-05,285,663.93,189220.05
PO-2024-303,Stellar Metalworks,FAN-2860,"36"" Axial Cooling Fan",2024-02-27,2024-03-21,2024-03-19,142,403.01,57227.42
PO-2024-313,APEX MFG,FAN-2850,"30"" Axial Cooling Fan",2024-03-01,2024-03-28,2024-03-28,142,311.13,44180.46
PO-2024-313,Stellar Metalworks,CTRL-9998,Touch Screen Controller,2024-03-04,2024-04-13,2024-04-12,67,1210.11,81077.37
PO-2024-313,Stellar Metalworks,SHAFT-2208,SS316 Drive Shaft,2024-03-07,2024-03-25,2024-03-25,363,51.75,18785.25
PO-2024-313,APEX MFG,CTRL-9981,Digital Temperature Controller,2024-03-10,2024-04-04,2024-04-04,227,87.68,19903.36
PO-2024-313,Apex Mfg,FAN-2860,"36"" Axial Cooling Fan",2024-03-13,2024-04-17,2024-04-16,42,435.2,18278.4
PO-2024-313,QuickFab Industries,MOTOR-6638,5HP Fan Motor Assembly,2024-03-16,2024-04-17,2024-04-15,140,613.89,85944.6
PO-2024-313,AeroFlow Systems,BEARING-9910,Sealed Bearing Assembly,2024-03-18,2024-04-27,2024-04-27,140,85.58,11981.2
PO-2024-313,TitanForge LLC,SENSOR-4420,Flow Sensor - Digital,2024-03-21,2024-04-08,2024-04-06,136,42.02,5714.72
PO-2024-313,TitanForge LLC,SHAFT-2210,Stainless Drive Shaft,2024-03-24,2024-04-26,2024-04-25,496,47.57,23594.72
PO-2024-313,AeroFlow Systems,SHAFT-2201,Motor Drive Shaft - SS304,2024-03-27,2024-05-05,2024-05-04,130,40.39,5250.7
PO-2024-313,Apex Mfg,BEARING-9910,Sealed Bearing Assembly,2024-03-30,2024-05-12,2024-05-12,185,87.03,16100.55
PO-2024-323,AeroFlow Systems,FINS-7725,Heat Exchanger Fins,2024-04-02,2024-05-06,2024-05-07,798,9.98,7964.04
PO-2024-323,Precision Thermal Co,CTRL-9981,Digital Temperature Controller,2024-04-05,2024-05-04,2024-05-02,188,82.17,15447.96
PO-2024-323,Apex Mfg,FAN-2855,"28"" Axial Fan - High CFM",2024-04-08,2024-05-15,2024-05-13,71,365.88,25977.48
PO-2024-323,APEX Manufacturing Inc,BEARING-9910,Sealed Bearing Assembly,2024-04-11,2024-04-27,2024-04-27,91,78.27,7122.57
PO-2024-323,AeroFlow Systems,HX-5525,Copper Heat Exchanger - Custom,2024-04-14,2024-05-14,2024-05-14,152,2110.36,320774.72
PO-2024-323,Apex Mfg,BRKT-1015,Heavy Mount - Galvanized,2024-04-17,2024-05-22,2024-05-29,360,19.96,7185.6
PO-2024-323,QuickFab Industries,HX-5512,Aluminum Heat Exchanger - 48x24,2024-04-20,2024-06-01,2024-06-16,18,876.43,15775.74
PO-2024-323,Apex Manufacturing Inc,HX-5530,Heat Exchanger - Heavy Duty,2024-04-23,2024-05-18,2024-05-18,153,1865.61,285438.33
PO-2024-323,TitanForge LLC,MOTOR-6634,3HP Fan Motor Assembly,2024-04-25,2024-06-06,2024-06-06,88,455.37,40072.56
PO-2024-323,Apex Mfg,PANEL-8815,Aluminum Control Panel,2024-04-28,2024-05-29,2024-05-27,175,261.7,45797.5
PO-2024-334,Precision Thermal Co,BRKT-1015,Heavy Mount - Galvanized,2024-05-01,2024-06-12,2024-06-10,99,19.85,1965.15
PO-2024-334,QuickFab Industries,SHAFT-2210,Stainless Drive Shaft,2024-05-04,2024-05-24,2024-05-24,213,50.02,10654.26
PO-2024-334,AeroFlow Systems,BRKT-1010,Adjustable Mount Bracket,2024-05-07,2024-05-29,2024-05-29,194,17.98,3488.12
PO-2024-334,Apex Manufacturing Inc,HX-5530,Heat Exchanger - Heavy Duty,2024-05-10,2024-06-01,2024-05-30,69,1864.33,128638.77
PO-2024-334,Stellar Metalworks,BEARING-9915,Pillow Block Bearing,2024-05-13,2024-06-14,2024-06-17,191,95.18,18179.38
PO-2024-334,TitanForge LLC,BRKT-1005,Heavy Duty Mount - Aluminum,2024-05-16,2024-06-25,2024-06-25,373,18.73,6986.29
PO-2024-334,Apex Manufacturing Inc,MOTOR-6634,3HP Fan Motor Assembly,2024-05-19,2024-06-28,2024-07-05,126,445.3,56107.8
PO-2024-334,APEX MFG,PANEL-8820,Stainless Control Panel,2024-05-22,2024-07-02,2024-07-02,180,287.38,51728.4
PO-2024-334,APEX Manufacturing Inc,LOUVER-6615,"Weather Louver 72""",2024-05-25,2024-06-16,2024-06-14,66,224.83,14838.78
PO-2024-334,APEX MFG,CTRL-9985,PLC Control Module,2024-05-28,2024-06-15,2024-06-14,69,422.9,29180.1
PO-2024-334,Stellar Metalworks,CTRL-9985,PLC Control Module,2024-05-31,2024-07-07,2024-07-05,197,437.46,86179.62
PO-2024-344,Precision Thermal Co,HX-5530,Heat Exchanger - Heavy Duty,2024-06-02,2024-06-17,2024-06-21,218,1800.73,392559.14
PO-2024-344,AeroFlow Systems,SHAFT-2210,Stainless Drive Shaft,2024-06-05,2024-06-23,2024-06-21,286,46.2,13213.2
PO-2024-344,Apex Mfg,HX-5520,Aluminum Heat Exchanger - 60x36,2024-06-08,2024-06-28,2024-07-03,21,1054.51,22144.71
PO-2024-344,APEX Manufacturing Inc,CTRL-9990,Master Control Board,2024-06-11,2024-07-18,2024-07-25,129,643.13,82963.77
PO-2024-344,Precision Thermal Co,BRKT-1005,Heavy Duty Mount - Aluminum,2024-06-14,2024-07-25,2024-07-23,305,19.86,6057.3
PO-2024-344,APEX Manufacturing Inc,HX-5520,Aluminum Heat Exchanger - 60x36,2024-06-17,2024-07-05,2024-07-04,262,1107.19,290083.78
PO-2024-344,Stellar Metalworks,BRKT-1020,Vibration Isolator Mount,2024-06-20,2024-07-07,2024-07-07,233,25.4,5918.2
PO-2024-344,Apex Manufacturing Inc,FINS-7720,Aluminum Fins - Thin Wall,2024-06-23,2024-08-06,2024-08-04,729,9.91,7224.39
PO-2024-344,QuickFab Industries,FILTER-5510,HEPA Filter - Industrial,2024-06-26,2024-07-18,2024-07-16,192,64.62,12407.04
PO-2024-344,Stellar Metalworks,BRKT-1005,Heavy Duty Mount - Aluminum,2024-06-29,2024-07-30,2024-07-29,561,20.41,11450.01
PO-2024-355,TitanForge LLC,HX-5525,Copper Heat Exchanger - Custom,2024-07-02,2024-08-15,2024-08-21,120,2060.82,247298.4
PO-2024-355,Apex Manufacturing Inc,FINS-7715,Copper Fins for Heat Exchanger,2024-07-05,2024-07-25,2024-07-26,646,12.03,7771.38
PO-2024-355,AeroFlow Systems,SHAFT-2210,Stainless Drive Shaft,2024-07-08,2024-08-03,2024-08-08,301,50.54,15212.54
PO-2024-355,APEX MFG,FILTER-5505,Carbon Air Filter,2024-07-10,2024-08-03,2024-08-08,123,57.92,7124.16
PO-2024-355,Apex Manufacturing Inc,FAN-2847,"24"" Axial Cooling Fan",2024-07-13,2024-08-10,2024-08-12,101,247.48,24995.48
PO-2024-355,Apex Manufacturing Inc,SHAFT-2208,SS316 Drive Shaft,2024-07-16,2024-08-22,2024-08-21,589,56.23,33119.47
PO-2024-355,AeroFlow Systems,HX-5525,Copper Heat Exchanger - Custom,2024-07-19,2024-08-05,2024-08-03,256,1950.07,499217.92
PO-2024-355,APEX Manufacturing Inc,SENSOR-4415,Pressure Transducer,2024-07-22,2024-08-31,2024-08-29,46,71.19,3274.74
PO-2024-355,QuickFab Industries,MOTOR-6634,3HP Fan Motor Assembly,2024-07-25,2024-08-11,2024-08-10,66,425.59,28088.94
PO-2024-355,Apex Mfg,BEARING-9910,Sealed Bearing Assembly,2024-07-28,2024-09-01,2024-08-30,29,79.95,2318.55
PO-2024-355,Apex Mfg,PANEL-8810,Powder Coated Panel,2024-07-31,2024-09-01,2024-08-31,120,213.63,25635.6
PO-2024-365,Apex Mfg,DAMPER-3305,"Pneumatic Damper 36""",2024-08-03,2024-08-21,2024-08-20,160,224.4,35904.0
PO-2024-365,TitanForge LLC,SHAFT-2201,Motor Drive Shaft - SS304,2024-08-06,2024-09-19,2024-09-17,230,36.67,8434.1
PO-2024-365,APEX Manufacturing Inc,FAN-2860,"36"" Axial Cooling Fan",2024-08-09,2024-08-27,2024-08-26,108,396.77,42851.16
PO-2024-365,Stellar Metalworks,PANEL-8815,Aluminum Control Panel,2024-08-12,2024-09-19,2024-09-19,20,264.83,5296.6
PO-2024-365,Precision Thermal Co,SHAFT-2208,SS316 Drive Shaft,2024-08-14,2024-09-18,2024-09-25,339,56.79,19251.81
PO-2024-365,Apex Mfg,HX-5525,Copper Heat Exchanger - Custom,2024-08-17,2024-09-05,2024-09-05,266,2014.72,535915.52
PO-2024-365,Apex Mfg,BRKT-1005,Heavy Duty Mount - Aluminum,2024-08-20,2024-09-25,2024-09-23,454,18.27,8294.58
PO-2024-365,AeroFlow Systems,MOTOR-6645,10HP Fan Motor,2024-08-23,2024-09-19,2024-09-18,79,1101.26,86999.54
PO-2024-365,TitanForge LLC,CTRL-9985,PLC Control Module,2024-08-26,2024-09-16,2024-09-16,23,443.16,10192.68
PO-2024-365,APEX Manufacturing Inc,FAN-2855,"28"" Axial Fan - High CFM",2024-08-29,2024-10-12,2024-10-11,134,336.88,45141.92
PO-2024-376,Apex Manufacturing Inc,CTRL-9990,Master Control Board,2024-09-01,2024-09-23,2024-09-21,169,645.31,109057.39
PO-2024-376,Apex Manufacturing Inc,FAN-2860,"36"" Axial Cooling Fan",2024-09-04,2024-10-09,2024-10-07,42,440.56,18503.52
PO-2024-376,QuickFab Industries,HX-5525,Copper Heat Exchanger - Custom,2024-09-07,2024-10-16,2024-11-17,36,2021.17,72762.12
PO-2024-376,APEX Manufacturing Inc,BRKT-1015,Heavy Mount - Galvanized,2024-09-10,2024-10-01,2024-09-29,423,20.58,8705.34
PO-2024-376,QuickFab Industries,LOUVER-6605,"Louver with Screen 60""",2024-09-13,2024-10-28,2024-10-28,18,123.53,2223.54
PO-2024-376,TitanForge LLC,DAMPER-3310,"Electric Damper 48""",2024-09-16,2024-10-06,2024-10-06,191,282.92,54037.72
PO-2024-376,Stellar Metalworks,SHAFT-2201,Motor Drive Shaft - SS304,2024-09-19,2024-10-30,2024-10-30,585,33.53,19615.05
PO-2024-376,AeroFlow Systems,SHAFT-2210,Stainless Drive Shaft,2024-09-21,2024-10-23,2024-10-23,582,48.49,28221.18
PO-2024-376,TitanForge LLC,HX-5535,Copper Coil Heat Exchanger,2024-09-24,2024-10-21,2024-10-21,140,2546.26,356476.4
PO-2024-376,APEX Manufacturing Inc,FILTER-5505,Carbon Air Filter,2024-09-27,2024-10-28,2024-10-28,91,56.72,5161.52
PO-2024-376,Stellar Metalworks,FAN-2860,"36"" Axial Cooling Fan",2024-09-30,2024-10-19,2024-10-17,126,433.97,54680.22
PO-2024-386,Apex Mfg,SHAFT-2205,Drive Shaft - Hardened Steel,2024-10-03,2024-10-19,2024-10-19,240,38.32,9196.8
PO-2024-386,Stellar Metalworks,SHAFT-2205,Drive Shaft - Hardened Steel,2024-10-06,2024-11-03,2024-11-03,388,39.9,15481.2
PO-2024-386,TitanForge LLC,FINS-7720,Aluminum Fins - Thin Wall,2024-10-09,2024-10-26,2024-10-25,719,9.91,7125.29
PO-2024-386,Apex Mfg,FILTER-5510,HEPA Filter - Industrial,2024-10-12,2024-10-27,2024-10-27,74,65.4,4839.6
PO-2024-386,TitanForge LLC,PANEL-8801,Control Panel Enclosure,2024-10-15,2024-11-19,2024-11-17,110,252.45,27769.5
PO-2024-386,Stellar Metalworks,SENSOR-4415,Pressure Transducer,2024-10-18,2024-11-10,2024-11-08,29,71.61,2076.69
PO-2024-386,AeroFlow Systems,CTRL-9995,VFD Controller 10HP,2024-10-21,2024-11-19,2024-11-17,294,858.76,252475.44
PO-2024-386,Precision Thermal Co,BRKT-1020,Vibration Isolator Mount,2024-10-24,2024-11-27,2024-11-26,504,26.49,13350.96
PO-2024-386,APEX Manufacturing Inc,CTRL-9995,VFD Controller 10HP,2024-10-27,2024-12-10,2024-12-10,139,875.39,121679.21
PO-2024-386,Apex Manufacturing Inc,PANEL-8801,Control Panel Enclosure,2024-10-29,2024-12-02,2024-11-30,175,255.39,44693.25
PO-2024-396,TitanForge LLC,CTRL-9990,Master Control Board,2024-11-01,2024-11-25,2024-11-24,21,642.68,13496.28
PO-2024-396,APEX Manufacturing Inc,HX-5530,Heat Exchanger - Heavy Duty,2024-11-04,2024-12-17,2024-12-17,196,1836.15,359885.4
PO-2024-396,Apex Manufacturing Inc,CTRL-9990,Master Control Board,2024-11-07,2024-12-17,2024-12-17,81,664.02,53785.62
PO-2024-396,Apex Manufacturing Inc,LOUVER-6605,"Louver with Screen 60""",2024-11-10,2024-12-14,2024-12-14,34,122.51,4165.34
PO-2024-396,APEX Manufacturing Inc,FAN-2847,"24"" Axial Cooling Fan",2024-11-13,2024-12-26,2024-12-24,115,223.87,25745.05
PO-2024-396,Precision Thermal Co,BRKT-1015,Heavy Mount - Galvanized,2024-11-16,2024-12-21,2024-12-19,269,18.83,5065.27
PO-2024-396,AeroFlow Systems,PANEL-8810,Powder Coated Panel,2024-11-19,2024-12-07,2024-12-09,229,234.33,53661.57
PO-2024-396,QuickFab Industries,MOTOR-6641,7.5HP Fan Motor,2024-11-22,2024-12-23,2024-12-22,131,795.49,104209.19
PO-2024-396,QuickFab Industries,FINS-7720,Aluminum Fins - Thin Wall,2024-11-25,2025-01-06,2025-01-22,689,9.01,6207.89
PO-2024-396,APEX MFG,BEARING-9910,Sealed Bearing Assembly,2024-11-28,2025-01-09,2025-01-08,282,76.85,21671.7
PO-2024-407,Apex Mfg,DAMPER-3305,"Pneumatic Damper 36""",2024-12-01,2024-12-28,2024-12-28,227,226.46,51406.42
PO-2024-407,TitanForge LLC,HX-5520,Aluminum Heat Exchanger - 60x36,2024-12-04,2025-01-06,2025-01-04,85,1074.75,91353.75
PO-2024-407,QuickFab Industries,FAN-2847,"24"" Axial Cooling Fan",2024-12-06,2025-01-12,2025-02-15,72,216.43,15582.96
PO-2024-407,APEX Manufacturing Inc,LOUVER-6601,"Aluminum Louver Panel 48""",2024-12-09,2024-12-29,2024-12-27,61,110.61,6747.21
PO-2024-407,Stellar Metalworks,FAN-2847,"24"" Axial Cooling Fan",2024-12-12,2025-01-25,2025-01-24,58,244.13,14159.54
PO-2024-407,Stellar Metalworks,HX-5520,Aluminum Heat Exchanger - 60x36,2024-12-15,2025-01-05,2025-01-04,125,1151.24,143905.0
PO-2024-407,Precision Thermal Co,CTRL-9995,VFD Controller 10HP,2024-12-18,2025-01-22,2025-01-22,121,859.66,104018.86
PO-2024-407,AeroFlow Systems,SHAFT-2205,Drive Shaft - Hardened Steel,2024-12-21,2025-01-13,2025-01-12,172,39.09,6723.48
PO-2024-407,Apex Mfg,MOTOR-6634,3HP Fan Motor Assembly,2024-12-24,2025-02-06,2025-02-05,114,431.22,49159.08
PO-2024-407,Stellar Metalworks,HX-5520,Aluminum Heat Exchanger - 60x36,2024-12-27,2025-01-15,2025-01-13,25,1055.23,26380.75
PO-2024-407,TitanForge LLC,DAMPER-3305,"Pneumatic Damper 36""",2024-12-30,2025-01-22,2025-01-20,208,229.32,47698.56
PO-2025-417,APEX Manufacturing Inc,SENSOR-4420,Flow Sensor - Digital,2025-01-02,2025-01-19,2025-01-19,132,36.62,4833.84
PO-2025-417,Stellar Metalworks,BRKT-1010,Adjustable Mount Bracket,2025-01-05,2025-01-29,2025-01-27,147,16.53,2429.91
PO-2025-417,Precision Thermal Co,FILTER-5505,Carbon Air Filter,2025-01-08,2025-02-19,2025-02-18,190,55.72,10586.8
PO-2025-417,QuickFab Industries,HX-5515,Copper Heat Exchanger Coil,2025-01-11,2025-02-19,2025-02-18,116,1888.28,219040.48
PO-2025-417,AeroFlow Systems,BEARING-9905,Heavy Duty Bearing Set,2025-01-13,2025-02-19,2025-02-17,258,90.2,23271.6
PO-2025-417,AeroFlow Systems,FILTER-5510,HEPA Filter - Industrial,2025-01-16,2025-02-06,2025-02-04,236,67.25,15871.0
PO-2025-417,APEX MFG,HX-5525,Copper Heat Exchanger - Custom,2025-01-19,2025-03-04,2025-03-10,99,1998.69,197870.31
PO-2025-417,Stellar Metalworks,MOTOR-6634,3HP Fan Motor Assembly,2025-01-22,2025-02-25,2025-02-23,131,459.0,60129.0
PO-2025-417,APEX Manufacturing Inc,DAMPER-3310,"Electric Damper 48""",2025-01-25,2025-03-09,2025-03-09,84,281.73,23665.32
PO-2025-417,APEX MFG,BRKT-1020,Vibration Isolator Mount,2025-01-28,2025-02-17,2025-02-16,329,26.32,8659.28
PO-2025-417,Precision Thermal Co,HX-5525,Copper Heat Exchanger - Custom,2025-01-31,2025-03-08,2025-03-06,266,2009.84,534617.44
PO-2025-428,TitanForge LLC,FILTER-5501,Air Filter - HEPA Grade,2025-02-03,2025-03-20,2025-03-19,58,62.78,3641.24
PO-2025-428,AeroFlow Systems,FINS-7715,Copper Fins for Heat Exchanger,2025-02-06,2025-02-26,2025-03-03,1142,14.11,16113.62
PO-2025-428,APEX MFG,BEARING-9915,Pillow Block Bearing,2025-02-09,2025-03-08,2025-03-07,17,99.11,1684.87
PO-2025-428,QuickFab Industries,FINS-7725,Heat Exchanger Fins,2025-02-12,2025-03-28,2025-04-26,717,9.92,7112.64
PO-2025-428,Apex Manufacturing Inc,PANEL-8810,Powder Coated Panel,2025-02-15,2025-03-24,2025-03-24,258,220.43,56870.94
PO-2025-428,APEX Manufacturing Inc,HX-5525,Copper Heat Exchanger - Custom,2025-02-18,2025-03-06,2025-03-09,259,2049.67,530864.53
PO-2025-428,Apex Manufacturing Inc,HX-5540,Aluminum Heat Exchanger,2025-02-20,2025-03-16,2025-03-16,221,1441.24,318514.04
PO-2025-428,Apex Mfg,DAMPER-3301,"Motorized Air Damper 24""",2025-02-23,2025-03-12,2025-03-12,263,189.91,49946.33
PO-2025-428,Stellar Metalworks,PANEL-8815,Aluminum Control Panel,2025-02-26,2025-03-31,2025-03-31,26,263.84,6859.84
PO-2025-438,APEX Manufacturing Inc,CTRL-9990,Master Control Board,2025-03-01,2025-03-29,2025-03-27,77,634.86,48884.22
PO-2025-438,Precision Thermal Co,CTRL-9985,PLC Control Module,2025-03-04,2025-04-14,2025-04-14,72,414.59,29850.48
PO-2025-438,Apex Mfg,PANEL-8805,Electrical Panel - Stainless,2025-03-07,2025-04-21,2025-04-20,211,282.79,59668.69
PO-2025-438,QuickFab Industries,BRKT-1010,Adjustable Mount Bracket,2025-03-10,2025-03-31,2025-04-23,344,16.32,5614.08
PO-2025-438,Stellar Metalworks,HX-5535,Copper Coil Heat Exchanger,2025-03-13,2025-04-16,2025-04-22,250,2465.88,616470.0
PO-2025-438,TitanForge LLC,FINS-7725,Heat Exchanger Fins,2025-03-16,2025-04-29,2025-04-27,664,9.67,6420.88
PO-2025-438,APEX MFG,BRKT-1015,Heavy Mount - Galvanized,2025-03-19,2025-04-15,2025-04-13,534,19.1,10199.4
PO-2025-438,QuickFab Industries,SENSOR-4405,Temperature Sensor Probe,2025-03-22,2025-04-09,2025-05-12,292,21.38,6242.96
PO-2025-438,APEX Manufacturing Inc,SHAFT-2210,Stainless Drive Shaft,2025-03-25,2025-05-07,2025-05-05,248,47.56,11794.88
PO-2025-438,Precision Thermal Co,BRKT-1005,Heavy Duty Mount - Aluminum,2025-03-27,2025-05-04,2025-05-02,589,18.9,11132.1
PO-2025-438,Precision Thermal Co,CTRL-9998,Touch Screen Controller,2025-03-30,2025-04-18,2025-04-18,68,1186.69,80694.92
PO-2025-448,APEX Manufacturing Inc,FAN-2860,"36"" Axial Cooling Fan",2025-04-02,2025-04-30,2025-04-30,94,429.17,40341.98
PO-2025-448,AeroFlow Systems,PANEL-8810,Powder Coated Panel,2025-04-05,2025-05-09,2025-05-08,27,214.41,5789.07
PO-2025-448,APEX MFG,FAN-2860,"36"" Axial Cooling Fan",2025-04-08,2025-05-23,2025-05-21,43,440.83,18955.69
PO-2025-448,APEX Manufacturing Inc,LOUVER-6615,"Weather Louver 72""",2025-04-11,2025-05-26,2025-05-30,88,222.94,19618.72
PO-2025-448,AeroFlow Systems,FILTER-5510,HEPA Filter - Industrial,2025-04-14,2025-05-08,2025-05-06,38,65.36,2483.68
PO-2025-448,QuickFab Industries,MOTOR-6641,7.5HP Fan Motor,2025-04-17,2025-05-05,2025-05-20,61,814.91,49709.51
PO-2025-448,Apex Manufacturing Inc,FILTER-5510,HEPA Filter - Industrial,2025-04-20,2025-06-01,2025-05-30,157,65.55,10291.35
PO-2025-448,Stellar Metalworks,CTRL-9985,PLC Control Module,2025-04-23,2025-05-28,2025-05-28,300,412.51,123753.0
PO-2025-448,APEX MFG,FILTER-5505,Carbon Air Filter,2025-04-26,2025-06-07,2025-06-06,241,68.63,16539.83
PO-2025-448,QuickFab Industries,SENSOR-4420,Flow Sensor - Digital,2025-04-29,2025-05-29,2025-06-21,112,37.44,4193.28
PO-2025-459,Apex Mfg,BRKT-1001,Mounting Bracket - Steel,2025-05-02,2025-05-19,2025-05-18,160,11.8,1888.0
PO-2025-459,APEX Manufacturing Inc,HX-5525,Copper Heat Exchanger - Custom,2025-05-04,2025-05-19,2025-05-18,250,2036.7,509175.0
PO-2025-459,APEX MFG,SHAFT-2208,SS316 Drive Shaft,2025-05-07,2025-06-14,2025-06-12,414,54.58,22596.12
PO-2025-459,Apex Mfg,MOTOR-6634,3HP Fan Motor Assembly,2025-05-10,2025-06-06,2025-06-05,57,428.31,24413.67
PO-2025-459,APEX MFG,FAN-2850,"30"" Axial Cooling Fan",2025-05-13,2025-06-27,2025-06-26,146,312.54,45630.84
PO-2025-459,QuickFab Industries,SENSOR-4410,Humidity Sensor Module,2025-05-16,2025-06-14,2025-06-14,179,34.44,6164.76
PO-2025-459,Apex Manufacturing Inc,HX-5512,Aluminum Heat Exchanger - 48x24,2025-05-19,2025-06-17,2025-06-16,15,916.52,13747.8
PO-2025-459,Apex Manufacturing Inc,DAMPER-3301,"Motorized Air Damper 24""",2025-05-22,2025-06-13,2025-06-11,21,194.62,4087.02
PO-2025-459,APEX Manufacturing Inc,PANEL-8805,Electrical Panel - Stainless,2025-05-25,2025-06-24,2025-06-23,118,277.81,32781.58
PO-2025-459,QuickFab Industries,FAN-2855,"28"" Axial Fan - High CFM",2025-05-28,2025-06-18,2025-06-24,61,347.13,21174.93
PO-2025-459,APEX MFG,BEARING-9910,Sealed Bearing Assembly,2025-05-31,2025-06-27,2025-06-25,163,86.13,14039.19
PO-2025-469,Apex Mfg,CTRL-9998,Touch Screen Controller,2025-06-03,2025-07-18,2025-07-25,29,1223.15,35471.35
PO-2025-469,Precision Thermal Co,SENSOR-4415,Pressure Transducer,2025-06-06,2025-06-29,2025-06-28,179,73.43,13143.97
PO-2025-469,Stellar Metalworks,HX-5520,Aluminum Heat Exchanger - 60x36,2025-06-09,2025-07-15,2025-07-14,138,1110.26,153215.88
PO-2025-469,AeroFlow Systems,FINS-7725,Heat Exchanger Fins,2025-06-11,2025-07-24,2025-07-24,1070,9.77,10453.9
PO-2025-469,Apex Manufacturing Inc,CTRL-9990,Master Control Board,2025-06-14,2025-07-17,2025-07-15,243,653.87,158890.41
PO-2025-469,Precision Thermal Co,CTRL-9990,Master Control Board,2025-06-17,2025-07-03,2025-07-04,158,634.53,100255.74
PO-2025-469,AeroFlow Systems,DAMPER-3305,"Pneumatic Damper 36""",2025-06-20,2025-07-09,2025-07-12,138,240.11,33135.18
PO-2025-469,APEX Manufacturing Inc,DAMPER-3310,"Electric Damper 48""",2025-06-23,2025-07-11,2025-07-11,125,280.18,35022.5
PO-2025-469,Apex Manufacturing Inc,BRKT-1015,Heavy Mount - Galvanized,2025-06-26,2025-08-03,2025-08-06,163,24.11,3929.93
PO-2025-469,Apex Mfg,FINS-7725,Heat Exchanger Fins,2025-06-29,2025-07-16,2025-07-16,688,9.46,6508.48
PO-2025-480,TitanForge LLC,SHAFT-2210,Stainless Drive Shaft,2025-07-02,2025-07-26,2025-07-26,283,48.77,13801.91
PO-2025-480,APEX MFG,CTRL-9998,Touch Screen Controller,2025-07-05,2025-07-26,2025-07-24,69,1215.0,83835.0
PO-2025-480,APEX Manufacturing Inc,HX-5515,Copper Heat Exchanger Coil,2025-07-08,2025-08-01,2025-07-31,191,2439.39,465923.49
PO-2025-480,AeroFlow Systems,PANEL-8805,Electrical Panel - Stainless,2025-07-11,2025-08-14,2025-08-12,31,268.94,8337.14
PO-2025-480,Apex Mfg,HX-5540,Aluminum Heat Exchanger,2025-07-14,2025-08-22,2025-08-21,112,1446.89,162051.68
PO-2025-480,Apex Manufacturing Inc,SHAFT-2210,Stainless Drive Shaft,2025-07-17,2025-08-27,2025-08-25,484,46.1,22312.4
PO-2025-480,QuickFab Industries,FINS-7725,Heat Exchanger Fins,2025-07-19,2025-08-06,2025-08-04,777,9.57,7435.89
PO-2025-480,Apex Mfg,LOUVER-6601,"Aluminum Louver Panel 48""",2025-07-22,2025-08-17,2025-08-15,227,108.94,24729.38
PO-2025-480,APEX Manufacturing Inc,BRKT-1015,Heavy Mount - Galvanized,2025-07-25,2025-09-03,2025-09-01,174,22.17,3857.58
PO-2025-480,QuickFab Industries,HX-5540,Aluminum Heat Exchanger,2025-07-28,2025-08-17,2025-09-10,154,1422.9,219126.6
PO-2025-480,Apex Mfg,BRKT-1015,Heavy Mount - Galvanized,2025-07-31,2025-08-28,2025-08-26,167,24.37,4069.79
PO-2025-490,APEX Manufacturing Inc,MOTOR-6634,3HP Fan Motor Assembly,2025-08-03,2025-09-03,2025-09-02,131,451.9,59198.9
PO-2025-490,AeroFlow Systems,DAMPER-3305,"Pneumatic Damper 36""",2025-08-06,2025-09-19,2025-09-18,94,225.06,21155.64
PO-2025-490,APEX MFG,HX-5535,Copper Coil Heat Exchanger,2025-08-09,2025-08-29,2025-09-05,184,2473.74,455168.16
PO-2025-490,APEX MFG,HX-5530,Heat Exchanger - Heavy Duty,2025-08-12,2025-09-26,2025-09-24,155,1862.99,288763.45
PO-2025-490,AeroFlow Systems,DAMPER-3301,"Motorized Air Damper 24""",2025-08-15,2025-09-03,2025-09-02,39,192.13,7493.07
PO-2025-490,TitanForge LLC,BEARING-9910,Sealed Bearing Assembly,2025-08-18,2025-09-18,2025-09-21,32,78.74,2519.68
PO-2025-490,TitanForge LLC,BRKT-1020,Vibration Isolator Mount,2025-08-21,2025-09-06,2025-09-06,531,26.82,14241.42
PO-2025-490,Apex Manufacturing Inc,HX-5520,Aluminum Heat Exchanger - 60x36,2025-08-24,2025-10-04,2025-10-03,198,1083.23,214479.54
PO-2025-490,TitanForge LLC,PANEL-8815,Aluminum Control Panel,2025-08-26,2025-10-08,2025-10-06,217,262.08,56871.36
PO-2025-490,Stellar Metalworks,FINS-7712,Heat Exchanger Fins - Aluminum,2025-08-29,2025-09-21,2025-09-19,1076,9.42,10135.92
PO-2025-501,Stellar Metalworks,BEARING-9910,Sealed Bearing Assembly,2025-09-01,2025-10-15,,131,86.39,11317.09
PO-2025-501,AeroFlow Systems,HX-5512,Aluminum Heat Exchanger - 48x24,2025-09-04,2025-09-21,2025-09-27,217,918.82,199383.94
PO-2025-501,APEX MFG,SHAFT-2205,Drive Shaft - Hardened Steel,2025-09-07,2025-10-01,2025-10-01,463,39.23,18163.49
PO-2025-501,QuickFab Industries,HX-5535,Copper Coil Heat Exchanger,2025-09-10,2025-10-07,,273,2464.61,672838.53
PO-2025-501,TitanForge LLC,HX-5540,Aluminum Heat Exchanger,2025-09-13,2025-10-27,,94,1422.86,133748.84
PO-2025-501,APEX MFG,FINS-7712,Heat Exchanger Fins - Aluminum,2025-09-16,2025-10-26,,885,8.6,7611.0
PO-2025-501,Precision Thermal Co,MOTOR-6634,3HP Fan Motor Assembly,2025-09-19,2025-10-26,,78,463.12,36123.36
PO-2025-501,QuickFab Industries,SHAFT-2201,Motor Drive Shaft - SS304,2025-09-22,2025-10-20,,279,31.52,8794.08
PO-2025-501,APEX Manufacturing Inc,PANEL-8810,Powder Coated Panel,2025-09-25,2025-10-27,,182,232.6,42333.2
PO-2025-501,Apex Manufacturing Inc,DAMPER-3301,"Motorized Air Damper 24""",2025-09-28,2025-11-04,,291,166.66,48498.06
